STATE,REGION
HIDALGO,CENTRAL
ESTADO DE MEXICO,CENTRAL
ESTADO DE MEXICO,CENTRAL
ESTADO DE MEXICO,CENTRAL
ESTADO DE MEXICO,CENTRAL
ESTADO DE MEXICO,CENTRAL
ESTADO DE MEXICO,CENTRAL
CD.MEXICO,CENTRAL
ESTADO DE MEXICO,CENTRAL
ESTADO DE MEXICO,CENTRAL
ESTADO DE MEXICO,CENTRAL
ESTADO DE MEXICO,CENTRAL
HIDALGO,CENTRAL
ESTADO DE MEXICO,CENTRAL
CD.MEXICO,CENTRAL
GUERRERO,CENTRAL
GUERRERO,CENTRAL
CD.MEXICO,CENTRAL
HIDALGO,CENTRAL
HIDALGO,CENTRAL
ESTADO DE MEXICO,CENTRAL
ESTADO DE MEXICO,CENTRAL
MICHOACAN,LAZARO CARDENAS
CD.MEXICO,CENTRAL
ESTADO DE MEXICO,CENTRAL
GUERRERO,CENTRAL
MICHOACAN,LAZARO CARDENAS
ESTADO DE MEXICO,CENTRAL
ESTADO DE MEXICO,CENTRAL
ESTADO DE MEXICO,CENTRAL
ESTADO DE MEXICO,CENTRAL
ESTADO DE MEXICO,CENTRAL
ESTADO DE MEXICO,CENTRAL
ESTADO DE MEXICO,CENTRAL
CD.MEXICO,CENTRAL
ESTADO DE MEXICO,CENTRAL
ESTADO DE MEXICO,CENTRAL
ESTADO DE MEXICO,CENTRAL
ESTADO DE MEXICO,CENTRAL
ESTADO DE MEXICO,CENTRAL
ESTADO DE MEXICO,CENTRAL
MICHOACAN,LAZARO CARDENAS
ESTADO DE MEXICO,CENTRAL
HIDALGO,CENTRAL
CD.MEXICO,CENTRAL
ESTADO DE MEXICO,CENTRAL
ESTADO DE MEXICO,CENTRAL
ESTADO DE MEXICO,CENTRAL
ESTADO DE MEXICO,CENTRAL
HIDALGO,CENTRAL
ESTADO DE MEXICO,CENTRAL
ESTADO DE MEXICO,CENTRAL
ESTADO DE MEXICO,CENTRAL
CD.MEXICO,CENTRAL
CD.MEXICO,CENTRAL
GUERRERO,CENTRAL
MICHOACAN,LAZARO CARDENAS
CD.MEXICO,CENTRAL
ESTADO DE MEXICO,CENTRAL
CD.MEXICO,CENTRAL
ESTADO DE MEXICO,CENTRAL
ESTADO DE MEXICO,CENTRAL
ESTADO DE MEXICO,CENTRAL
ESTADO DE MEXICO,CENTRAL
PUEBLA,CENTRAL
CD.MEXICO,CENTRAL
CD.MEXICO,CENTRAL
ESTADO DE MEXICO,CENTRAL
MICHOACAN,LAZARO CARDENAS
CD.MEXICO,CENTRAL
ESTADO DE MEXICO,CENTRAL
ESTADO DE MEXICO,CENTRAL
ESTADO DE MEXICO,CENTRAL
ESTADO DE MEXICO,CENTRAL
CD.MEXICO,CENTRAL
HIDALGO,CENTRAL
ESTADO DE MEXICO,CENTRAL
ESTADO DE MEXICO,CENTRAL
ESTADO DE MEXICO,CENTRAL
ESTADO DE MEXICO,CENTRAL
ESTADO DE MEXICO,CENTRAL
ESTADO DE MEXICO,CENTRAL
ESTADO DE MEXICO,CENTRAL
GUERRERO,CENTRAL
ESTADO DE MEXICO,CENTRAL
ESTADO DE MEXICO,CENTRAL
ESTADO DE MEXICO,CENTRAL
ESTADO DE MEXICO,CENTRAL
ESTADO DE MEXICO,CENTRAL
ESTADO DE MEXICO,CENTRAL
ESTADO DE MEXICO,CENTRAL
ESTADO DE MEXICO,CENTRAL
MICHOACAN,CENTRAL
ESTADO DE MEXICO,CENTRAL
MICHOACAN,LAZARO CARDENAS
CD.MEXICO,CENTRAL
CD.MEXICO,CENTRAL
MICHOACAN,CENTRAL
ESTADO DE MEXICO,CENTRAL
ESTADO DE MEXICO,CENTRAL
CD.MEXICO,CENTRAL
CD.MEXICO,CENTRAL
ESTADO DE MEXICO,CENTRAL
HIDALGO,CENTRAL
ESTADO DE MEXICO,CENTRAL
MICHOACAN,LAZARO CARDENAS
ESTADO DE MEXICO,CENTRAL
ESTADO DE MEXICO,CENTRAL
ESTADO DE MEXICO,CENTRAL
ESTADO DE MEXICO,CENTRAL
ESTADO DE MEXICO,CENTRAL
CD.MEXICO,CENTRAL
CD.MEXICO,CENTRAL
HIDALGO,CENTRAL
ESTADO DE MEXICO,CENTRAL
ESTADO DE MEXICO,CENTRAL
ESTADO DE MEXICO,CENTRAL
ESTADO DE MEXICO,CENTRAL
ESTADO DE MEXICO,CENTRAL
ESTADO DE MEXICO,CENTRAL
HIDALGO,CENTRAL
HIDALGO,CENTRAL
CD.MEXICO,CENTRAL
ESTADO DE MEXICO,CENTRAL
MICHOACAN,CENTRAL
ESTADO DE MEXICO,CENTRAL
ESTADO DE MEXICO,CENTRAL
CD.MEXICO,CENTRAL
MICHOACAN,LAZARO CARDENAS
MICHOACAN,LAZARO CARDENAS
MICHOACAN,LAZARO CARDENAS
ESTADO DE MEXICO,CENTRAL
ESTADO DE MEXICO,CENTRAL
MICHOACAN,CENTRAL
ESTADO DE MEXICO,CENTRAL
HIDALGO,CENTRAL
ESTADO DE MEXICO,CENTRAL
ESTADO DE MEXICO,CENTRAL
ESTADO DE MEXICO,CENTRAL
ESTADO DE MEXICO,CENTRAL
CD.MEXICO,CENTRAL
CD.MEXICO,CENTRAL
ESTADO DE MEXICO,CENTRAL
MICHOACAN,LAZARO CARDENAS
ESTADO DE MEXICO,CENTRAL
MORELOS,CENTRAL
CD.MEXICO,CENTRAL
ESTADO DE MEXICO,CENTRAL
CD.MEXICO,CENTRAL
CD.MEXICO,CENTRAL
CD.MEXICO,CENTRAL
ESTADO DE MEXICO,CENTRAL
PUEBLA,CENTRAL
ESTADO DE MEXICO,CENTRAL
ESTADO DE MEXICO,CENTRAL
ESTADO DE MEXICO,CENTRAL
ESTADO DE MEXICO,CENTRAL
CD.MEXICO,CENTRAL
ESTADO DE MEXICO,CENTRAL
CD.MEXICO,CENTRAL
CD.MEXICO,CENTRAL
CD.MEXICO,CENTRAL
ESTADO DE MEXICO,CENTRAL
HIDALGO,CENTRAL
CD.MEXICO,CENTRAL
CD.MEXICO,CENTRAL
ESTADO DE MEXICO,CENTRAL
CD.MEXICO,CENTRAL
CD.MEXICO,CENTRAL
CD.MEXICO,CENTRAL
HIDALGO,CENTRAL
HIDALGO,CENTRAL
MICHOACAN,LAZARO CARDENAS
GUERRERO,CENTRAL
ESTADO DE MEXICO,CENTRAL
MICHOACAN,LAZARO CARDENAS
HIDALGO,CENTRAL
MICHOACAN,LAZARO CARDENAS
ESTADO DE MEXICO,CENTRAL
CD.MEXICO,CENTRAL
CD.MEXICO,CENTRAL
HIDALGO,CENTRAL
ESTADO DE MEXICO,CENTRAL
ESTADO DE MEXICO,CENTRAL
ESTADO DE MEXICO,CENTRAL
PUEBLA,CENTRAL
CD.MEXICO,CENTRAL
HIDALGO,CENTRAL
HIDALGO,CENTRAL
ESTADO DE MEXICO,CENTRAL
CD.MEXICO,CENTRAL
ESTADO DE MEXICO,CENTRAL
ESTADO DE MEXICO,CENTRAL
CD.MEXICO,CENTRAL
ESTADO DE MEXICO,CENTRAL
CD.MEXICO,CENTRAL
ESTADO DE MEXICO,CENTRAL
PUEBLA,CENTRAL
MICHOACAN,LAZARO CARDENAS
ESTADO DE MEXICO,CENTRAL
ESTADO DE MEXICO,CENTRAL
ESTADO DE MEXICO,CENTRAL
CD.MEXICO,CENTRAL
ESTADO DE MEXICO,CENTRAL
ESTADO DE MEXICO,CENTRAL
ESTADO DE MEXICO,CENTRAL
CD.MEXICO,CENTRAL
HIDALGO,CENTRAL
CD.MEXICO,CENTRAL
CD.MEXICO,CENTRAL
CD.MEXICO,CENTRAL
HIDALGO,CENTRAL
ESTADO DE MEXICO,CENTRAL
ESTADO DE MEXICO,CENTRAL
ESTADO DE MEXICO,CENTRAL
ESTADO DE MEXICO,CENTRAL
PUEBLA,CENTRAL
ESTADO DE MEXICO,CENTRAL
ESTADO DE MEXICO,CENTRAL
HIDALGO,CENTRAL
ESTADO DE MEXICO,CENTRAL
ESTADO DE MEXICO,CENTRAL
HIDALGO,CENTRAL
HIDALGO,CENTRAL
ESTADO DE MEXICO,CENTRAL
ESTADO DE MEXICO,CENTRAL
CD.MEXICO,CENTRAL
GUERRERO,CENTRAL
ESTADO DE MEXICO,CENTRAL
MICHOACAN,CENTRAL
ESTADO DE MEXICO,CENTRAL
ESTADO DE MEXICO,CENTRAL
ESTADO DE MEXICO,CENTRAL
ESTADO DE MEXICO,CENTRAL
ESTADO DE MEXICO,CENTRAL
HIDALGO,CENTRAL
HIDALGO,CENTRAL
CD.MEXICO,CENTRAL
ESTADO DE MEXICO,CENTRAL
ESTADO DE MEXICO,CENTRAL
ESTADO DE MEXICO,CENTRAL
ESTADO DE MEXICO,CENTRAL
ESTADO DE MEXICO,CENTRAL
CD.MEXICO,CENTRAL
CD.MEXICO,CENTRAL
ESTADO DE MEXICO,CENTRAL
ESTADO DE MEXICO,CENTRAL
ESTADO DE MEXICO,CENTRAL
MICHOACAN,LAZARO CARDENAS
HIDALGO,CENTRAL
ESTADO DE MEXICO,CENTRAL
ESTADO DE MEXICO,CENTRAL
ESTADO DE MEXICO,CENTRAL
CD.MEXICO,CENTRAL
HIDALGO,CENTRAL
ESTADO DE MEXICO,CENTRAL
CD.MEXICO,CENTRAL
ESTADO DE MEXICO,CENTRAL
ESTADO DE MEXICO,CENTRAL
CD.MEXICO,CENTRAL
ESTADO DE MEXICO,CENTRAL
GUERRERO,CENTRAL
ESTADO DE MEXICO,CENTRAL
CHIAPAS,GRIJALVA
VERACRUZ,VERACRUZ
PUEBLA,PUEBLA
PUEBLA,VERACRUZ
VERACRUZ,TEMASCAL
PUEBLA,PUEBLA
VERACRUZ,COATZACOALCOS
VERACRUZ,TEMASCAL
PUEBLA,PUEBLA
PUEBLA,PUEBLA
PUEBLA,POZA RICA
GUERRERO,ACAPULCO
PUEBLA,PUEBLA
VERACRUZ,VERACRUZ
PUEBLA,PUEBLA
TLAXCALA,PUEBLA
CHIAPAS,GRIJALVA
VERACRUZ,VERACRUZ
MORELOS,PUEBLA
GUERRERO,ACAPULCO
TLAXCALA,PUEBLA
GUERRERO,ACAPULCO
VERACRUZ,COATZACOALCOS
VERACRUZ,POZA RICA
CHIAPAS,GRIJALVA
VERACRUZ,VERACRUZ
OAXACA,TEMASCAL
PUEBLA,PUEBLA
TLAXCALA,PUEBLA
TLAXCALA,PUEBLA
PUEBLA,PUEBLA
VERACRUZ,TEMASCAL
PUEBLA,POZA RICA
PUEBLA,PUEBLA
CHIAPAS,GRIJALVA
GUERRERO,ACAPULCO
GUERRERO,ACAPULCO
TLAXCALA,PUEBLA
GUERRERO,ACAPULCO
CHIAPAS,GRIJALVA
CHIAPAS,GRIJALVA
VERACRUZ,VERACRUZ
CHIAPAS,GRIJALVA
PUEBLA,PUEBLA
OAXACA,TEMASCAL
GUERRERO,ACAPULCO
PUEBLA,PUEBLA
VERACRUZ,TEMASCAL
VERACRUZ,POZA RICA
VERACRUZ,VERACRUZ
VERACRUZ,POZA RICA
VERACRUZ,TEMASCAL
VERACRUZ,VERACRUZ
TABASCO,TABASCO
CHIAPAS,TABASCO
GUERRERO,ACAPULCO
GUERRERO,ACAPULCO
MORELOS,PUEBLA
TLAXCALA,PUEBLA
VERACRUZ,TEMASCAL
OAXACA,TEMASCAL
CHIAPAS,GRIJALVA
GUERRERO,ACAPULCO
TABASCO,TABASCO
TABASCO,TABASCO
VERACRUZ,POZA RICA
PUEBLA,PUEBLA
PUEBLA,PUEBLA
TABASCO,TABASCO
VERACRUZ,VERACRUZ
CHIAPAS,GRIJALVA
VERACRUZ,COATZACOALCOS
VERACRUZ,COATZACOALCOS
GUERRERO,ACAPULCO
CHIAPAS,GRIJALVA
VERACRUZ,COATZACOALCOS
GUERRERO,ACAPULCO
PUEBLA,PUEBLA
VERACRUZ,POZA RICA
VERACRUZ,TEMASCAL
TABASCO,TABASCO
VERACRUZ,COATZACOALCOS
TABASCO,TABASCO
MORELOS,PUEBLA
MORELOS,PUEBLA
GUERRERO,ACAPULCO
CHIAPAS,GRIJALVA
MORELOS,PUEBLA
PUEBLA,PUEBLA
CHIAPAS,GRIJALVA
VERACRUZ,COATZACOALCOS
VERACRUZ,COATZACOALCOS
GUERRERO,ACAPULCO
VERACRUZ,TEMASCAL
VERACRUZ,VERACRUZ
OAXACA,TEMASCAL
TABASCO,TABASCO
TLAXCALA,PUEBLA
TABASCO,TABASCO
TABASCO,TABASCO
VERACRUZ,POZA RICA
VERACRUZ,TEMASCAL
PUEBLA,PUEBLA
TLAXCALA,PUEBLA
PUEBLA,PUEBLA
VERACRUZ,COATZACOALCOS
TABASCO,TABASCO
CHIAPAS,GRIJALVA
GUERRERO,ACAPULCO
GUERRERO,ACAPULCO
VERACRUZ,COATZACOALCOS
VERACRUZ,COATZACOALCOS
VERACRUZ,TEMASCAL
OAXACA,TEMASCAL
GUERRERO,ACAPULCO
TABASCO,TABASCO
TABASCO,TABASCO
VERACRUZ,TEMASCAL
TLAXCALA,PUEBLA
VERACRUZ,TEMASCAL
VERACRUZ,COATZACOALCOS
PUEBLA,PUEBLA
MORELOS,PUEBLA
MORELOS,PUEBLA
GUERRERO,ACAPULCO
VERACRUZ,COATZACOALCOS
MORELOS,PUEBLA
MORELOS,PUEBLA
OAXACA,PUEBLA
VERACRUZ,TEMASCAL
VERACRUZ,COATZACOALCOS
OAXACA,TEMASCAL
GUERRERO,ACAPULCO
PUEBLA,PUEBLA
VERACRUZ,COATZACOALCOS
VERACRUZ,POZA RICA
VERACRUZ,POZA RICA
VERACRUZ,VERACRUZ
VERACRUZ,VERACRUZ
TABASCO,TABASCO
VERACRUZ,POZA RICA
TABASCO,TABASCO
PUEBLA,PUEBLA
VERACRUZ,COATZACOALCOS
VERACRUZ,TEMASCAL
PUEBLA,PUEBLA
VERACRUZ,POZA RICA
OAXACA,TEMASCAL
OAXACA,TEMASCAL
VERACRUZ,VERACRUZ
VERACRUZ,TEMASCAL
OAXACA,IXTEPEC
OAXACA,IXTEPEC
OAXACA,IXTEPEC
PUEBLA,PUEBLA
VERACRUZ,POZA RICA
VERACRUZ,POZA RICA
GUERRERO,ACAPULCO
OAXACA,TEMASCAL
PUEBLA,PUEBLA
TABASCO,TABASCO
CHIAPAS,GRIJALVA
VERACRUZ,TEMASCAL
TLAXCALA,PUEBLA
CHIAPAS,GRIJALVA
VERACRUZ,COATZACOALCOS
VERACRUZ,TEMASCAL
TABASCO,TABASCO
VERACRUZ,VERACRUZ
PUEBLA,PUEBLA
PUEBLA,PUEBLA
GUERRERO,ACAPULCO
VERACRUZ,TEMASCAL
PUEBLA,PUEBLA
CHIAPAS,GRIJALVA
TABASCO,TABASCO
OAXACA,PUEBLA
VERACRUZ,VERACRUZ
VERACRUZ,VERACRUZ
TLAXCALA,PUEBLA
VERACRUZ,TEMASCAL
VERACRUZ,POZA RICA
OAXACA,TEMASCAL
GUERRERO,ACAPULCO
PUEBLA,PUEBLA
OAXACA,PUEBLA
TABASCO,TABASCO
PUEBLA,POZA RICA
PUEBLA,POZA RICA
VERACRUZ,TEMASCAL
OAXACA,TEMASCAL
VERACRUZ,TEMASCAL
TLAXCALA,PUEBLA
OAXACA,PUEBLA
GUERRERO,ACAPULCO
CHIAPAS,GRIJALVA
PUEBLA,POZA RICA
TABASCO,TABASCO
MORELOS,PUEBLA
VERACRUZ,COATZACOALCOS
VERACRUZ,VERACRUZ
HIDALGO,PUEBLA
GUERRERO,ACAPULCO
PUEBLA,PUEBLA
VERACRUZ,TEMASCAL
CHIAPAS,GRIJALVA
OAXACA,IXTEPEC
OAXACA,IXTEPEC
VERACRUZ,COATZACOALCOS
VERACRUZ,TEMASCAL
VERACRUZ,TEMASCAL
OAXACA,PUEBLA
TABASCO,TABASCO
VERACRUZ,POZA RICA
OAXACA,TEMASCAL
OAXACA,TEMASCAL
PUEBLA,PUEBLA
PUEBLA,PUEBLA
TABASCO,TABASCO
VERACRUZ,VERACRUZ
OAXACA,TEMASCAL
VERACRUZ,TEMASCAL
MORELOS,PUEBLA
MORELOS,PUEBLA
VERACRUZ,VERACRUZ
PUEBLA,PUEBLA
GUERRERO,ACAPULCO
OAXACA,TEMASCAL
OAXACA,IXTEPEC
OAXACA,IXTEPEC
OAXACA,IXTEPEC
CHIAPAS,GRIJALVA
TLAXCALA,PUEBLA
TLAXCALA,PUEBLA
VERACRUZ,TEMASCAL
TLAXCALA,PUEBLA
GUERRERO,ACAPULCO
VERACRUZ,VERACRUZ
OAXACA,TEMASCAL
VERACRUZ,POZA RICA
TABASCO,TABASCO
CHIAPAS,TABASCO
VERACRUZ,POZA RICA
CHIAPAS,GRIJALVA
VERACRUZ,COATZACOALCOS
PUEBLA,PUEBLA
OAXACA,PUEBLA
VERACRUZ,COATZACOALCOS
PUEBLA,PUEBLA
GUERRERO,ACAPULCO
CHIAPAS,GRIJALVA
TLAXCALA,PUEBLA
MORELOS,PUEBLA
PUEBLA,PUEBLA
VERACRUZ,TEMASCAL
PUEBLA,PUEBLA
PUEBLA,PUEBLA
PUEBLA,PUEBLA
GUERRERO,ACAPULCO
TABASCO,TABASCO
OAXACA,TEMASCAL
CHIAPAS,GRIJALVA
CHIAPAS,GRIJALVA
TLAXCALA,PUEBLA
VERACRUZ,COATZACOALCOS
PUEBLA,POZA RICA
CHIAPAS,GRIJALVA
VERACRUZ,VERACRUZ
TABASCO,TABASCO
TABASCO,TABASCO
OAXACA,TEMASCAL
TABASCO,TABASCO
VERACRUZ,POZA RICA
PUEBLA,PUEBLA
PUEBLA,PUEBLA
CHIAPAS,TABASCO
GUERRERO,ACAPULCO
PUEBLA,POZA RICA
OAXACA,TEMASCAL
VERACRUZ,COATZACOALCOS
GUERRERO,ACAPULCO
VERACRUZ,POZA RICA
VERACRUZ,COATZACOALCOS
TLAXCALA,PUEBLA
GUERRERO,ACAPULCO
GUERRERO,ACAPULCO
CHIAPAS,GRIJALVA
PUEBLA,PUEBLA
GUERRERO,ACAPULCO
CHIAPAS,GRIJALVA
VERACRUZ,VERACRUZ
TABASCO,TABASCO
CHIAPAS,GRIJALVA
CHIAPAS,GRIJALVA
GUERRERO,ACAPULCO
OAXACA,IXTEPEC
VERACRUZ,POZA RICA
GUERRERO,ACAPULCO
CHIAPAS,GRIJALVA
VERACRUZ,POZA RICA
OAXACA,TEMASCAL
OAXACA,TEMASCAL
VERACRUZ,TEMASCAL
GUERRERO,ACAPULCO
PUEBLA,POZA RICA
OAXACA,PUEBLA
VERACRUZ,TEMASCAL
VERACRUZ,TEMASCAL
VERACRUZ,COATZACOALCOS
PUEBLA,PUEBLA
TABASCO,TABASCO
MORELOS,PUEBLA
OAXACA,TEMASCAL
OAXACA,TEMASCAL
CHIAPAS,GRIJALVA
CHIAPAS,GRIJALVA
GUERRERO,ACAPULCO
VERACRUZ,TEMASCAL
GUERRERO,ACAPULCO
VERACRUZ,TEMASCAL
PUEBLA,PUEBLA
TLAXCALA,PUEBLA
CHIAPAS,GRIJALVA
OAXACA,TEMASCAL
VERACRUZ,VERACRUZ
CHIAPAS,TABASCO
GUERRERO,ACAPULCO
PUEBLA,PUEBLA
VERACRUZ,VERACRUZ
CHIAPAS,TABASCO
CHIAPAS,TABASCO
PUEBLA,PUEBLA
CHIAPAS,TABASCO
VERACRUZ,POZA RICA
PUEBLA,PUEBLA
VERACRUZ,COATZACOALCOS
TLAXCALA,PUEBLA
OAXACA,TEMASCAL
VERACRUZ,COATZACOALCOS
CHIAPAS,GRIJALVA
PUEBLA,PUEBLA
VERACRUZ,VERACRUZ
TABASCO,TABASCO
CHIAPAS,TABASCO
TLAXCALA,PUEBLA
TABASCO,TABASCO
VERACRUZ,POZA RICA
VERACRUZ,COATZACOALCOS
TLAXCALA,PUEBLA
VERACRUZ,VERACRUZ
OAXACA,TEMASCAL
PUEBLA,PUEBLA
TLAXCALA,PUEBLA
VERACRUZ,COATZACOALCOS
GUERRERO,ACAPULCO
TLAXCALA,PUEBLA
GUERRERO,ACAPULCO
TABASCO,TABASCO
VERACRUZ,POZA RICA
VERACRUZ,POZA RICA
VERACRUZ,POZA RICA
TABASCO,TABASCO
VERACRUZ,POZA RICA
PUEBLA,PUEBLA
VERACRUZ,TEMASCAL
TABASCO,TABASCO
VERACRUZ,TEMASCAL
MORELOS,PUEBLA
CHIAPAS,GRIJALVA
GUERRERO,ACAPULCO
OAXACA,TEMASCAL
CHIAPAS,GRIJALVA
OAXACA,TEMASCAL
GUERRERO,ACAPULCO
GUERRERO,ACAPULCO
VERACRUZ,TEMASCAL
VERACRUZ,VERACRUZ
GUERRERO,ACAPULCO
GUERRERO,ACAPULCO
GUERRERO,ACAPULCO
GUERRERO,ACAPULCO
VERACRUZ,TEMASCAL
CHIAPAS,GRIJALVA
VERACRUZ,TEMASCAL
GUERRERO,ACAPULCO
CHIAPAS,TABASCO
VERACRUZ,POZA RICA
VERACRUZ,COATZACOALCOS
OAXACA,TEMASCAL
VERACRUZ,VERACRUZ
VERACRUZ,COATZACOALCOS
VERACRUZ,VERACRUZ
OAXACA,TEMASCAL
TLAXCALA,PUEBLA
OAXACA,TEMASCAL
OAXACA,TEMASCAL
VERACRUZ,VERACRUZ
CHIAPAS,GRIJALVA
CHIAPAS,GRIJALVA
VERACRUZ,COATZACOALCOS
OAXACA,TEMASCAL
TLAXCALA,PUEBLA
VERACRUZ,TEMASCAL
GUERRERO,ACAPULCO
GUERRERO,ACAPULCO
OAXACA,PUEBLA
PUEBLA,PUEBLA
TABASCO,TABASCO
CHIAPAS,TABASCO
VERACRUZ,VERACRUZ
VERACRUZ,VERACRUZ
VERACRUZ,POZA RICA
VERACRUZ,TEMASCAL
VERACRUZ,VERACRUZ
CHIAPAS,GRIJALVA
OAXACA,TEMASCAL
OAXACA,PUEBLA
OAXACA,TEMASCAL
TLAXCALA,PUEBLA
CHIAPAS,GRIJALVA
TABASCO,TABASCO
OAXACA,PUEBLA
CHIAPAS,GRIJALVA
VERACRUZ,POZA RICA
GUERRERO,ACAPULCO
TABASCO,TABASCO
MORELOS,PUEBLA
VERACRUZ,TEMASCAL
TABASCO,TABASCO
GUERRERO,ACAPULCO
GUERRERO,ACAPULCO
CHIAPAS,GRIJALVA
PUEBLA,PUEBLA
TABASCO,TABASCO
OAXACA,PUEBLA
VERACRUZ,VERACRUZ
MORELOS,PUEBLA
CHIAPAS,GRIJALVA
CHIAPAS,GRIJALVA
VERACRUZ,POZA RICA
PUEBLA,PUEBLA
OAXACA,TEMASCAL
GUERRERO,ACAPULCO
GUERRERO,ACAPULCO
PUEBLA,PUEBLA
GUERRERO,ACAPULCO
MORELOS,PUEBLA
VERACRUZ,VERACRUZ
PUEBLA,PUEBLA
PUEBLA,PUEBLA
OAXACA,TEMASCAL
OAXACA,TEMASCAL
TLAXCALA,PUEBLA
TABASCO,TABASCO
VERACRUZ,POZA RICA
MORELOS,PUEBLA
PUEBLA,PUEBLA
OAXACA,TEMASCAL
OAXACA,TEMASCAL
MORELOS,PUEBLA
CHIAPAS,GRIJALVA
CHIAPAS,GRIJALVA
VERACRUZ,VERACRUZ
OAXACA,TEMASCAL
OAXACA,TEMASCAL
TABASCO,TABASCO
PUEBLA,PUEBLA
PUEBLA,PUEBLA
CHIAPAS,GRIJALVA
VERACRUZ,COATZACOALCOS
PUEBLA,PUEBLA
VERACRUZ,TEMASCAL
PUEBLA,PUEBLA
TABASCO,TABASCO
MORELOS,PUEBLA
OAXACA,TEMASCAL
VERACRUZ,POZA RICA
VERACRUZ,VERACRUZ
PUEBLA,PUEBLA
VERACRUZ,COATZACOALCOS
VERACRUZ,VERACRUZ
VERACRUZ,TEMASCAL
TABASCO,TABASCO
VERACRUZ,POZA RICA
VERACRUZ,POZA RICA
TLAXCALA,PUEBLA
PUEBLA,PUEBLA
VERACRUZ,POZA RICA
GUERRERO,ACAPULCO
VERACRUZ,POZA RICA
VERACRUZ,TEMASCAL
OAXACA,TEMASCAL
OAXACA,PUEBLA
CHIAPAS,GRIJALVA
GUERRERO,ACAPULCO
CHIAPAS,GRIJALVA
VERACRUZ,TEMASCAL
PUEBLA,POZA RICA
PUEBLA,POZA RICA
VERACRUZ,COATZACOALCOS
MORELOS,PUEBLA
GUERRERO,ACAPULCO
VERACRUZ,COATZACOALCOS
VERACRUZ,COATZACOALCOS
OAXACA,TEMASCAL
VERACRUZ,POZA RICA
TABASCO,COATZACOALCOS
GUERRERO,ACAPULCO
CHIAPAS,GRIJALVA
VERACRUZ,POZA RICA
TABASCO,TABASCO
TABASCO,TABASCO
TABASCO,TABASCO
VERACRUZ,COATZACOALCOS
TABASCO,TABASCO
OAXACA,IXTEPEC
VERACRUZ,VERACRUZ
PUEBLA,PUEBLA
VERACRUZ,TEMASCAL
PUEBLA,PUEBLA
MORELOS,PUEBLA
PUEBLA,POZA RICA
TLAXCALA,PUEBLA
MORELOS,PUEBLA
OAXACA,PUEBLA
MORELOS,PUEBLA
VERACRUZ,TEMASCAL
GUERRERO,ACAPULCO
GUERRERO,ACAPULCO
PUEBLA,PUEBLA
OAXACA,TEMASCAL
TABASCO,TABASCO
CHIAPAS,TABASCO
PUEBLA,PUEBLA
PUEBLA,POZA RICA
MICHOACAN,CARAPAN
SAN LUIS POTOSI,SAN LUIS POTOSI
GUANAJUATO,SALAMANCA
MICHOACAN,CARAPAN
JALISCO,GUADALAJARA
SAN LUIS POTOSI,SAN LUIS POTOSI
NAYARIT,TEPIC
QUERETARO,QUERETARO
JALISCO,GUADALAJARA
JALISCO,GUADALAJARA
MICHOACAN,CARAPAN
JALISCO,GUADALAJARA
MICHOACAN,CARAPAN
QUERETARO,QUERETARO
ZACATECAS,AGUASCALIENTES
NAYARIT,TEPIC
NAYARIT,TEPIC
AGUASCALIENTES,AGUASCALIENTES
AGUASCALIENTES,AGUASCALIENTES
AGUASCALIENTES,AGUASCALIENTES
AGUASCALIENTES,AGUASCALIENTES
JALISCO,GUADALAJARA
NAYARIT,TEPIC
COLIMA,MANZANILLO
GUANAJUATO,SALAMANCA
AGUASCALIENTES,AGUASCALIENTES
JALISCO,GUADALAJARA
AGUASCALIENTES,AGUASCALIENTES
JALISCO,GUADALAJARA
GUANAJUATO,QUERETARO
JALISCO,GUADALAJARA
JALISCO,GUADALAJARA
SAN LUIS POTOSI,SAN LUIS POTOSI
GUANAJUATO,QUERETARO
JALISCO,GUADALAJARA
JALISCO,GUADALAJARA
JALISCO,GUADALAJARA
MICHOACAN,CARAPAN
SAN LUIS POTOSI,AGUASCALIENTES
GUANAJUATO,QUERETARO
COLIMA,MANZANILLO
JALISCO,GUADALAJARA
GUANAJUATO,QUERETARO
AGUASCALIENTES,AGUASCALIENTES
MICHOACAN,CARAPAN
GUANAJUATO,QUERETARO
QUERETARO,QUERETARO
MICHOACAN,CARAPAN
QUERETARO,QUERETARO
JALISCO,CARAPAN
ZACATECAS,AGUASCALIENTES
COLIMA,MANZANILLO
AGUASCALIENTES,AGUASCALIENTES
AGUASCALIENTES,AGUASCALIENTES
JALISCO,GUADALAJARA
JALISCO,CARAPAN
QUERETARO,QUERETARO
QUERETARO,QUERETARO
JALISCO,QUERETARO
JALISCO,CARAPAN
SAN LUIS POTOSI,SAN LUIS POTOSI
GUANAJUATO,SALAMANCA
GUANAJUATO,SALAMANCA
GUANAJUATO,AGUASCALIENTES
COLIMA,MANZANILLO
JALISCO,CARAPAN
AGUASCALIENTES,AGUASCALIENTES
COLIMA,MANZANILLO
MICHOACAN,CARAPAN
MICHOACAN,CARAPAN
NAYARIT,TEPIC
SAN LUIS POTOSI,SAN LUIS POTOSI
COLIMA,MANZANILLO
ZACATECAS ,AGUASCALIENTES
JALISCO,AGUASCALIENTES
QUERETARO,QUERETARO
SAN LUIS POTOSI,SAN LUIS POTOSI
SAN LUIS POTOSI,SAN LUIS POTOSI
AGUASCALIENTES,AGUASCALIENTES
ZACATECAS,AGUASCALIENTES
QUERETARO,QUERETARO
SAN LUIS POTOSI,SAN LUIS POTOSI
JALISCO,GUADALAJARA
NAYARIT,TEPIC
GUANAJUATO,QUERETARO
JALISCO,GUADALAJARA
QUERETARO,QUERETARO
QUERETARO,QUERETARO
GUANAJUATO,QUERETARO
ZACATECAS,AGUASCALIENTES
ZACATECAS,AGUASCALIENTES
SAN LUIS POTOSI,SAN LUIS POTOSI
ZACATECAS,AGUASCALIENTES
QUERETARO,QUERETARO
MICHOACAN,CARAPAN
JALISCO,GUADALAJARA
MICHOACAN,CARAPAN
MICHOACAN,CARAPAN
COLIMA,MANZANILLO
SAN LUIS POTOSI,SAN LUIS POTOSI
GUANAJUATO,SALAMANCA
QUERETARO,QUERETARO
JALISCO,GUADALAJARA
GUANAJUATO,QUERETARO
JALISCO,GUADALAJARA
ZACATECAS,AGUASCALIENTES
JALISCO,GUADALAJARA
MICHOACAN,CARAPAN
GUANAJUATO,QUERETARO
SAN LUIS POTOSI,SAN LUIS POTOSI
MICHOACAN,CARAPAN
JALISCO,MANZANILLO
COLIMA,MANZANILLO
JALISCO,AGUASCALIENTES
GUANAJUATO,SALAMANCA
JALISCO,GUADALAJARA
QUERETARO,QUERETARO
NAYARIT,GUADALAJARA
JALISCO,GUADALAJARA
GUANAJUATO,QUERETARO
JALISCO,GUADALAJARA
JALISCO,GUADALAJARA
JALISCO,GUADALAJARA
GUANAJUATO,QUERETARO
GUANAJUATO,QUERETARO
MICHOACAN,GUADALAJARA
ZACATECAS,AGUASCALIENTES
JALISCO,MANZANILLO
MICHOACAN,MANZANILLO
NAYARIT,TEPIC
MICHOACAN,CARAPAN
HIDALGO,QUERETARO
JALISCO,GUADALAJARA
SAN LUIS POTOSI,SAN LUIS POTOSI
AGUASCALIENTES,AGUASCALIENTES
COLIMA,MANZANILLO
JALISCO,GUADALAJARA
JALISCO,GUADALAJARA
SAN LUIS POTOSI,SAN LUIS POTOSI
QUERETARO,QUERETARO
COLIMA,CARAPAN
GUANAJUATO,QUERETARO
MICHOACAN,CARAPAN
NAYARIT,TEPIC
SAN LUIS POTOSI,SAN LUIS POTOSI
MICHOACAN,CARAPAN
MICHOACAN,CARAPAN
ZACATECAS,AGUASCALIENTES
MICHOACAN,CARAPAN
JALISCO,CARAPAN
SAN LUIS POTOSI,SAN LUIS POTOSI
JALISCO,GUADALAJARA
JALISCO,GUADALAJARA
GUANAJUATO,QUERETARO
MICHOACAN,CARAPAN
MICHOACAN,GUADALAJARA
AGUASCALIENTES,AGUASCALIENTES
GUANAJUATO,SALAMANCA
JALISCO,AGUASCALIENTES
AGUASCALIENTES,AGUASCALIENTES
GUANAJUATO,QUERETARO
GUANAJUATO,QUERETARO
GUANAJUATO,QUERETARO
AGUASCALIENTES,AGUASCALIENTES
JALISCO,GUADALAJARA
GUANAJUATO,QUERETARO
MICHOACAN,CARAPAN
COLIMA,MANZANILLO
GUANAJUATO,QUERETARO
GUANAJUATO,SALAMANCA
MICHOACAN,CARAPAN
GUANAJUATO,QUERETARO
SAN LUIS POTOSI,SAN LUIS POTOSI
SAN LUIS POTOSI,SAN LUIS POTOSI
GUANAJUATO,SALAMANCA
GUANAJUATO,SALAMANCA
MICHOACAN,LAZARO CARDENAS
NAYARIT,TEPIC
QUERETARO,QUERETARO
SAN LUIS POTOSI,SAN LUIS POTOSI
SAN LUIS POTOSI,SAN LUIS POTOSI
QUERETARO,QUERETARO
ZACATECAS,AGUASCALIENTES
JALISCO,GUADALAJARA
JALISCO,GUADALAJARA
GUANAJUATO,AGUASCALIENTES
COLIMA,MANZANILLO
SAN LUIS POTOSI,SAN LUIS POTOSI
GUANAJUATO,QUERETARO
JALISCO,GUADALAJARA
GUANAJUATO,QUERETARO
JALISCO,GUADALAJARA
JALISCO,GUADALAJARA
JALISCO,AGUASCALIENTES
JALISCO,GUADALAJARA
JALISCO,GUADALAJARA
MICHOACAN,CARAPAN
JALISCO,GUADALAJARA
ZACATECAS,AGUASCALIENTES
JALISCO,GUADALAJARA
JALISCO,GUADALAJARA
ZACATECAS,AGUASCALIENTES
QUERETARO,QUERETARO
ZACATECAS,AGUASCALIENTES
COLIMA,MANZANILLO
JALISCO,GUADALAJARA
NAYARIT,TEPIC
JALISCO,TEPIC
ZACATECAS,AGUASCALIENTES
GUANAJUATO,QUERETARO
JALISCO,GUADALAJARA
ZACATECAS,AGUASCALIENTES
QUERETARO,QUERETARO
ZACATECAS,AGUASCALIENTES
GUANAJUATO,QUERETARO
SAN LUIS POTOSI,SAN LUIS POTOSI
SAN LUIS POTOSI,SAN LUIS POTOSI
JALISCO,GUADALAJARA
SAN LUIS POTOSI,SAN LUIS POTOSI
JALISCO,GUADALAJARA
JALISCO,GUADALAJARA
JALISCO,GUADALAJARA
GUANAJUATO,AGUASCALIENTES
GUANAJUATO,QUERETARO
GUANAJUATO,SALAMANCA
AGUASCALIENTES,AGUASCALIENTES
JALISCO,GUADALAJARA
ZACATECAS,AGUASCALIENTES
GUANAJUATO,SALAMANCA
QUERETARO,QUERETARO
GUANAJUATO,SALAMANCA
SAN LUIS POTOSI,SAN LUIS POTOSI
JALISCO,MANZANILLO
MICHOACAN,CARAPAN
GUANAJUATO,SALAMANCA
GUANAJUATO,SALAMANCA
JALISCO,GUADALAJARA
JALISCO,GUADALAJARA
JALISCO,GUADALAJARA
JALISCO,GUADALAJARA
JALISCO,GUADALAJARA
JALISCO,GUADALAJARA
NAYARIT,TEPIC
HIDALGO,QUERETARO
GUANAJUATO,QUERETARO
ZACATECAS,AGUASCALIENTES
GUANAJUATO,QUERETARO
SAN LUIS POTOSI,SAN LUIS POTOSI
JALISCO,GUADALAJARA
SAN LUIS POTOSI,SAN LUIS POTOSI
JALISCO,GUADALAJARA
GUANAJUATO,QUERETARO
GUANAJUATO,SALAMANCA
ZACATECAS,AGUASCALIENTES
QUERETARO,QUERETARO
JALISCO,GUADALAJARA
JALISCO,QUERETARO
MICHOACAN,CARAPAN
HIDALGO,QUERETARO
JALISCO,GUADALAJARA
JALISCO,GUADALAJARA
JALISCO,GUADALAJARA
GUANAJUATO,QUERETARO
GUANAJUATO,AGUASCALIENTES
SAN LUIS POTOSI,SAN LUIS POTOSI
MICHOACAN,CARAPAN
MICHOACAN,CARAPAN
MICHOACAN,GUADALAJARA
GUANAJUATO,AGUASCALIENTES
JALISCO,GUADALAJARA
QUERETARO,QUERETARO
GUANAJUATO,SALAMANCA
GUANAJUATO,SALAMANCA
GUANAJUATO,SALAMANCA
GUANAJUATO,SALAMANCA
GUANAJUATO,SALAMANCA
AGUASCALIENTES,AGUASCALIENTES
QUERETARO,QUERETARO
MICHOACAN,CARAPAN
ZACATECAS,AGUASCALIENTES
AGUASCALIENTES,AGUASCALIENTES
JALISCO,GUADALAJARA
MICHOACAN,CARAPAN
SAN LUIS POTOSI,SAN LUIS POTOSI
JALISCO,GUADALAJARA
NAYARIT,TEPIC
JALISCO,AGUASCALIENTES
GUANAJUATO,SALAMANCA
GUANAJUATO,AGUASCALIENTES
MICHOACAN,CARAPAN
JALISCO,AGUASCALIENTES
JALISCO,CARAPAN
MICHOACAN,CARAPAN
JALISCO,GUADALAJARA
ZACATECAS,AGUASCALIENTES
AGUASCALIENTES,AGUASCALIENTES
QUERETARO,QUERETARO
GUANAJUATO,SALAMANCA
QUERETARO,QUERETARO
AGUASCALIENTES,AGUASCALIENTES
JALISCO,GUADALAJARA
QUERETARO,QUERETARO
QUERETARO,QUERETARO
AGUASCALIENTES,AGUASCALIENTES
SAN LUIS POTOSI,SAN LUIS POTOSI
MICHOACAN,CARAPAN
MICHOACAN,CARAPAN
GUANAJUATO,SALAMANCA
SAN LUIS POTOSI,SAN LUIS POTOSI
ZACATECAS,AGUASCALIENTES
GUANAJUATO,SALAMANCA
GUANAJUATO,QUERETARO
JALISCO,GUADALAJARA
JALISCO,AGUASCALIENTES
GUANAJUATO,SALAMANCA
JALISCO,AGUASCALIENTES
JALISCO,MANZANILLO
GUANAJUATO,AGUASCALIENTES
QUERETARO,QUERETARO
MICHOACAN,CARAPAN
ZACATECAS,AGUASCALIENTES
GUANAJUATO,AGUASCALIENTES
GUANAJUATO,AGUASCALIENTES
GUANAJUATO,AGUASCALIENTES
GUANAJUATO,AGUASCALIENTES
GUANAJUATO,AGUASCALIENTES
GUANAJUATO,AGUASCALIENTES
SAN LUIS POTOSI,SAN LUIS POTOSI
ZACATECAS,AGUASCALIENTES
MICHOACAN,CARAPAN
ZACATECAS,AGUASCALIENTES
GUANAJUATO,SALAMANCA
MICHOACAN,CARAPAN
JALISCO,GUADALAJARA
JALISCO,GUADALAJARA
GUANAJUATO,AGUASCALIENTES
SAN LUIS POTOSI,SAN LUIS POTOSI
SAN LUIS POTOSI,SAN LUIS POTOSI
GUANAJUATO,AGUASCALIENTES
JALISCO,GUADALAJARA
GUANAJUATO,AGUASCALIENTES
JALISCO,GUADALAJARA
JALISCO,GUADALAJARA
GUANAJUATO,QUERETARO
SAN LUIS POTOSI,SAN LUIS POTOSI
AGUASCALIENTES,AGUASCALIENTES
GUANAJUATO,QUERETARO
MICHOACAN,QUERETARO
GUANAJUATO,SALAMANCA
GUANAJUATO,QUERETARO
SAN LUIS POTOSI,SAN LUIS POTOSI
SAN LUIS POTOSI,SAN LUIS POTOSI
GUANAJUATO,QUERETARO
JALISCO,GUADALAJARA
AGUASCALIENTES,AGUASCALIENTES
MICHOACAN,CARAPAN
GUANAJUATO,SALAMANCA
GUANAJUATO,SALAMANCA
ZACATECAS,AGUASCALIENTES
GUANAJUATO,QUERETARO
SAN LUIS POTOSI,SAN LUIS POTOSI
SAN LUIS POTOSI,SAN LUIS POTOSI
QUERETARO,QUERETARO
QUERETARO,QUERETARO
JALISCO,AGUASCALIENTES
JALISCO,GUADALAJARA
JALISCO,GUADALAJARA
GUANAJUATO,AGUASCALIENTES
JALISCO,TEPIC
GUANAJUATO,SALAMANCA
SAN LUIS POTOSI,SAN LUIS POTOSI
JALISCO,MANZANILLO
SAN LUIS POTOSI,SAN LUIS POTOSI
GUANAJUATO,AGUASCALIENTES
MICHOACAN,CARAPAN
SAN LUIS POTOSI,SAN LUIS POTOSI
QUERETARO,QUERETARO
MICHOACAN,MANZANILLO
COLIMA,MANZANILLO
COLIMA,MANZANILLO
JALISCO,GUADALAJARA
MICHOACAN,CARAPAN
JALISCO,GUADALAJARA
MICHOACAN,CARAPAN
ZACATECAS,AGUASCALIENTES
QUERETARO,QUERETARO
QUERETARO,QUERETARO
GUANAJUATO,AGUASCALIENTES
ZACATECAS,AGUASCALIENTES
GUANAJUATO,SALAMANCA
MICHOACAN,CARAPAN
AGUASCALIENTES,AGUASCALIENTES
COLIMA,MANZANILLO
QUERETARO,QUERETARO
MICHOACAN,CARAPAN
AGUASCALIENTES,AGUASCALIENTES
SAN LUIS POTOSI,SAN LUIS POTOSI
ZACATECAS,AGUASCALIENTES
COLIMA,MANZANILLO
COLIMA,MANZANILLO
SAN LUIS POTOSI,SAN LUIS POTOSI
GUANAJUATO,SALAMANCA
JALISCO,GUADALAJARA
JALISCO,AGUASCALIENTES
NAYARIT,TEPIC
JALISCO,GUADALAJARA
SAN LUIS POTOSI,SAN LUIS POTOSI
QUERETARO,QUERETARO
JALISCO,TEPIC
JALISCO,GUADALAJARA
JALISCO,GUADALAJARA
AGUASCALIENTES,AGUASCALIENTES
QUERETARO,QUERETARO
QUERETARO,QUERETARO
SAN LUIS POTOSI,SAN LUIS POTOSI
MICHOACAN,LAZARO CARDENAS
JALISCO,GUADALAJARA
ZACATECAS,AGUASCALIENTES
JALISCO,GUADALAJARA
GUANAJUATO,QUERETARO
JALISCO,AGUASCALIENTES
AGUASCALIENTES,AGUASCALIENTES
AGUASCALIENTES,AGUASCALIENTES
MICHOACAN,CARAPAN
COLIMA,MANZANILLO
AGUASCALIENTES,AGUASCALIENTES
GUANAJUATO,AGUASCALIENTES
SAN LUIS POTOSI,SAN LUIS POTOSI
MICHOACAN,CARAPAN
MICHOACAN,CARAPAN
MICHOACAN,CARAPAN
SAN LUIS POTOSI,SAN LUIS POTOSI
COLIMA,MANZANILLO
GUANAJUATO,QUERETARO
AGUASCALIENTES,AGUASCALIENTES
NAYARIT,TEPIC
QUERETARO,QUERETARO
ZACATECAS,AGUASCALIENTES
GUANAJUATO,SALAMANCA
JALISCO,GUADALAJARA
GUANAJUATO,SALAMANCA
MICHOACAN,CARAPAN
GUANAJUATO,SALAMANCA
ZACATECAS,AGUASCALIENTES
JALISCO,GUADALAJARA
GUANAJUATO,SALAMANCA
JALISCO,GUADALAJARA
ZACATECAS,AGUASCALIENTES
ZACATECAS,AGUASCALIENTES
JALISCO,GUADALAJARA
SAN LUIS POTOSI,SAN LUIS POTOSI
GUANAJUATO,SALAMANCA
MICHOACAN,CARAPAN
GUANAJUATO,QUERETARO
JALISCO,GUADALAJARA
QUERETARO,QUERETARO
GUANAJUATO,QUERETARO
GUANAJUATO,QUERETARO
QUERETARO,QUERETARO
JALISCO,GUADALAJARA
ZACATECAS,AGUASCALIENTES
SAN LUIS POTOSI,SAN LUIS POTOSI
MICHOACAN,CARAPAN
GUANAJUATO,QUERETARO
JALISCO,GUADALAJARA
JALISCO,GUADALAJARA
GUANAJUATO,SALAMANCA
JALISCO,TEPIC
MICHOACAN,CARAPAN
MICHOACAN,CARAPAN
MICHOACAN,CARAPAN
QUERETARO,QUERETARO
QUERETARO,QUERETARO
QUERETARO,QUERETARO
QUERETARO,QUERETARO
QUERETARO,QUERETARO
QUERETARO,QUERETARO
QUERETARO,QUERETARO
QUERETARO,QUERETARO
JALISCO,GUADALAJARA
ZACATECAS,AGUASCALIENTES
ZACATECAS,AGUASCALIENTES
ZACATECAS,AGUASCALIENTES
GUANAJUATO,AGUASCALIENTES
GUANAJUATO,SALAMANCA
QUERETARO,QUERETARO
GUANAJUATO,AGUASCALIENTES
MICHOACAN,CARAPAN
JALISCO,GUADALAJARA
JALISCO,GUADALAJARA
JALISCO,GUADALAJARA
QUERETARO,QUERETARO
AGUASCALIENTES,AGUASCALIENTES
GUANAJUATO,QUERETARO
QUERETARO,QUERETARO
QUERETARO,QUERETARO
GUANAJUATO,AGUASCALIENTES
COLIMA,MANZANILLO
GUANAJUATO,SALAMANCA
JALISCO,GUADALAJARA
JALISCO,GUADALAJARA
NAYARIT,TEPIC
JALISCO,GUADALAJARA
JALISCO,GUADALAJARA
JALISCO,GUADALAJARA
JALISCO,GUADALAJARA
GUANAJUATO,QUERETARO
GUANAJUATO,QUERETARO
GUANAJUATO,QUERETARO
NAYARIT,TEPIC
SAN LUIS POTOSI,SAN LUIS POTOSI
SAN LUIS POTOSI,SAN LUIS POTOSI
AGUASCALIENTES,AGUASCALIENTES
GUANAJUATO,SALAMANCA
GUANAJUATO,QUERETARO
GUANAJUATO,AGUASCALIENTES
AGUASCALIENTES,AGUASCALIENTES
QUERETARO,QUERETARO
SAN LUIS POTOSI,SAN LUIS POTOSI
SAN LUIS POTOSI,SAN LUIS POTOSI
SAN LUIS POTOSI,SAN LUIS POTOSI
MICHOACAN,CARAPAN
GUANAJUATO,QUERETARO
JALISCO,GUADALAJARA
GUANAJUATO,SALAMANCA
JALISCO,GUADALAJARA
ZACATECAS,AGUASCALIENTES
GUANAJUATO,QUERETARO
QUERETARO,QUERETARO
QUERETARO,QUERETARO
QUERETARO,QUERETARO
MICHOACAN,CARAPAN
COLIMA,MANZANILLO
SAN LUIS POTOSI,SAN LUIS POTOSI
GUANAJUATO,SALAMANCA
GUANAJUATO,SALAMANCA
GUANAJUATO,SALAMANCA
SAN LUIS POTOSI,SAN LUIS POTOSI
SAN LUIS POTOSI,SAN LUIS POTOSI
SAN LUIS POTOSI,SAN LUIS POTOSI
JALISCO,GUADALAJARA
SAN LUIS POTOSI,SAN LUIS POTOSI
JALISCO,TEPIC
SAN LUIS POTOSI,SAN LUIS POTOSI
JALISCO,GUADALAJARA
GUANAJUATO,QUERETARO
SAN LUIS POTOSI,AGUASCALIENTES
GUANAJUATO,QUERETARO
SAN LUIS POTOSI,SAN LUIS POTOSI
SAN LUIS POTOSI,SAN LUIS POTOSI
NAYARIT,TEPIC
MICHOACAN,CARAPAN
JALISCO,GUADALAJARA
GUANAJUATO,QUERETARO
GUANAJUATO,QUERETARO
JALISCO,GUADALAJARA
GUANAJUATO,AGUASCALIENTES
GUANAJUATO,SALAMANCA
SAN LUIS POTOSI,SAN LUIS POTOSI
SAN LUIS POTOSI,SAN LUIS POTOSI
NAYARIT,TEPIC
JALISCO,GUADALAJARA
GUANAJUATO,AGUASCALIENTES
GUANAJUATO,SALAMANCA
AGUASCALIENTES,AGUASCALIENTES
GUANAJUATO,QUERETARO
MICHOACAN,CARAPAN
MICHOACAN,AGUASCALIENTES
JALISCO,GUADALAJARA
MICHOACAN,CARAPAN
GUANAJUATO,QUERETARO
JALISCO,GUADALAJARA
AGUASCALIENTES,AGUASCALIENTES
MICHOACAN,CARAPAN
COLIMA,MANZANILLO
MICHOACAN,CARAPAN
AGUASCALIENTES,AGUASCALIENTES
JALISCO,GUADALAJARA
NAYARIT,TEPIC
JALISCO,AGUASCALIENTES
JALISCO,MANZANILLO
JALISCO,GUADALAJARA
HIDALGO,QUERETARO
GUANAJUATO,QUERETARO
COLIMA,MANZANILLO
NAYARIT,TEPIC
SAN LUIS POTOSI,SAN LUIS POTOSI
JALISCO,AGUASCALIENTES
QUERETARO,QUERETARO
GUANAJUATO,AGUASCALIENTES
NAYARIT,TEPIC
COLIMA,MANZANILLO
ZACATECAS,AGUASCALIENTES
MICHOACAN,CARAPAN
MICHOACAN,CARAPAN
NAYARIT,TEPIC
SAN LUIS POTOSI,SAN LUIS POTOSI
JALISCO,GUADALAJARA
QUERETARO,QUERETARO
JALISCO,GUADALAJARA
ZACATECAS,AGUASCALIENTES
SAN LUIS POTOSI,SAN LUIS POTOSI
JALISCO,TEPIC
QUERETARO,QUERETARO
JALISCO,GUADALAJARA
COLIMA,MANZANILLO
GUANAJUATO,AGUASCALIENTES
JALISCO,GUADALAJARA
MICHOACAN,CARAPAN
JALISCO,AGUASCALIENTES
QUERETARO,QUERETARO
JALISCO,GUADALAJARA
SAN LUIS POTOSI,SAN LUIS POTOSI
MICHOACAN,CARAPAN
GUANAJUATO,SALAMANCA
MICHOACAN,CARAPAN
JALISCO,GUADALAJARA
JALISCO,GUADALAJARA
QUERETARO,QUERETARO
JALISCO,GUADALAJARA
JALISCO,GUADALAJARA
MICHOACAN,CARAPAN
AGUASCALIENTES,AGUASCALIENTES
GUANAJUATO,SALAMANCA
JALISCO,GUADALAJARA
MICHOACAN,CARAPAN
GUANAJUATO,SALAMANCA
GUANAJUATO,SALAMANCA
JALISCO,GUADALAJARA
GUANAJUATO,SALAMANCA
SAN LUIS POTOSI,SAN LUIS POTOSI
GUANAJUATO,SALAMANCA
SAN LUIS POTOSI,SAN LUIS POTOSI
COLIMA,MANZANILLO
MICHOACAN,CARAPAN
JALISCO,GUADALAJARA
COLIMA,MANZANILLO
AGUASCALIENTES,AGUASCALIENTES
SAN LUIS POTOSI,SAN LUIS POTOSI
SAN LUIS POTOSI,SAN LUIS POTOSI
GUANAJUATO,QUERETARO
JALISCO,AGUASCALIENTES
ZACATECAS,AGUASCALIENTES
JALISCO,GUADALAJARA
GUANAJUATO,QUERETARO
MICHOACAN,CARAPAN
MICHOACAN,CARAPAN
QUERETARO,QUERETARO
AGUASCALIENTES,AGUASCALIENTES
SAN LUIS POTOSI,SAN LUIS POTOSI
MICHOACAN,CARAPAN
ZACATECAS,AGUASCALIENTES
AGUASCALIENTES,AGUASCALIENTES
SAN LUIS POTOSI,SAN LUIS POTOSI
QUERETARO,QUERETARO
JALISCO,TEPIC
SAN LUIS POTOSI,SAN LUIS POTOSI
NAYARIT,TEPIC
GUANAJUATO,QUERETARO
GUANAJUATO,QUERETARO
GUANAJUATO,QUERETARO
SAN LUIS POTOSI,SAN LUIS POTOSI
GUANAJUATO,SALAMANCA
GUANAJUATO,SALAMANCA
NAYARIT,TEPIC
JALISCO,CARAPAN
JALISCO,GUADALAJARA
SAN LUIS POTOSI,SAN LUIS POTOSI
JALISCO,GUADALAJARA
MICHOACAN,CARAPAN
ZACATECAS,AGUASCALIENTES
ZACATECAS,AGUASCALIENTES
MICHOACAN,CARAPAN
HIDALGO,QUERETARO
MICHOACAN,CARAPAN
MICHOACAN,CARAPAN
JALISCO,GUADALAJARA
MICHOACAN,CARAPAN
HIDALGO,QUERETARO
HIDALGO,QUERETARO
MICHOACAN,CARAPAN
JALISCO,GUADALAJARA
JALISCO,GUADALAJARA
MICHOACAN,CARAPAN
MICHOACAN,CARAPAN
JALISCO,GUADALAJARA
SONORA,OBREGON
SONORA,HERMOSILLO
SONORA,CANANEA
SONORA,CANANEA
SONORA,HERMOSILLO
SINALOA,LOS MOCHIS
SONORA,HERMOSILLO
SONORA,HERMOSILLO
SONORA,HERMOSILLO
SINALOA,CULIACAN
SONORA,HERMOSILLO
SONORA,CULIACAN
SONORA,OBREGON
SONORA,CANANEA
SINALOA,LOS MOCHIS
SONORA,HERMOSILLO
SONORA,OBREGON
SONORA,HERMOSILLO
SONORA,HERMOSILLO
SINALOA,CULIACAN
SONORA,OBREGON
SONORA,OBREGON
SONORA,OBREGON
SINALOA,CULIACAN
SINALOA,CULIACAN
SINALOA,CULIACAN
SINALOA,LOS MOCHIS
SONORA,OBREGON
SONORA,OBREGON
SONORA,OBREGON
SONORA,OBREGON
SONORA,HERMOSILLO
SINALOA,LOS MOCHIS
SINALOA,CULIACAN
SINALOA,CULIACAN
SINALOA,CULIACAN
SINALOA,CULIACAN
SINALOA,CULIACAN
SINALOA,CULIACAN
SINALOA,CULIACAN
SINALOA,CULIACAN
SINALOA,CULIACAN
SONORA,HERMOSILLO
SINALOA,MAZATLAN
SONORA,HERMOSILLO
SONORA,HERMOSILLO
SONORA,OBREGON
SINALOA,CULIACAN
SONORA,CANANEA
SINALOA,LOS MOCHIS
SINALOA,MAZATLAN
SONORA,OBREGON
SONORA,HERMOSILLO
SONORA,OBREGON
SONORA,OBREGON
SINALOA,LOS MOCHIS
SINALOA,LOS MOCHIS
SONORA,OBREGON
SONORA,HERMOSILLO
SINALOA,MAZATLAN
SONORA,HERMOSILLO
SONORA,OBREGON
SONORA,HERMOSILLO
SONORA,HERMOSILLO
SONORA,HERMOSILLO
SONORA,HERMOSILLO
SONORA,HERMOSILLO
SONORA,HERMOSILLO
SONORA,HERMOSILLO
SONORA,HERMOSILLO
SONORA,HERMOSILLO
SONORA,HERMOSILLO
SONORA,HERMOSILLO
SONORA,HERMOSILLO
SONORA,OBREGON
SINALOA,LOS MOCHIS
SINALOA,OBREGON
SINALOA,LOS MOCHIS
SINALOA,CULIACAN
SONORA,HERMOSILLO
SONORA,HERMOSILLO
SONORA,HERMOSILLO
SINALOA,CULIACAN
SINALOA,LOS MOCHIS
SINALOA,LOS MOCHIS
SINALOA,CULIACAN
SONORA,HERMOSILLO
SONORA,CANANEA
SONORA,HERMOSILLO
SONORA,HERMOSILLO
SONORA,HERMOSILLO
SONORA,OBREGON
SINALOA,LOS MOCHIS
SINALOA,LOS MOCHIS
SINALOA,LOS MOCHIS
SINALOA,LOS MOCHIS
SINALOA,LOS MOCHIS
SONORA,HERMOSILLO
SINALOA,LOS MOCHIS
SINALOA,MAZATLAN
SINALOA,MAZATLAN
SONORA,HERMOSILLO
SINALOA,LOS MOCHIS
SONORA,OBREGON
SONORA,HERMOSILLO
SONORA,OBREGON
SINALOA,LOS MOCHIS
SONORA,OBREGON
SINALOA,MAZATLAN
SINALOA,MAZATLAN
SINALOA,MAZATLAN
SINALOA,MAZATLAN
SINALOA,MAZATLAN
SINALOA,MAZATLAN
SINALOA,MAZATLAN
SONORA,HERMOSILLO
SONORA,HERMOSILLO
SONORA,HERMOSILLO
SONORA,OBREGON
SONORA,CANANEA
SONORA,CANANEA
SINALOA,CULIACAN
SONORA,OBREGON
SONORA,OBREGON
SONORA,HERMOSILLO
SONORA,OBREGON
SONORA,OBREGON
SONORA,HERMOSILLO
SONORA,CANANEA
SONORA,OBREGON
SONORA,HERMOSILLO
SONORA,HERMOSILLO
SONORA,OBREGON
SONORA,OBREGON
SONORA,OBREGON
SONORA,HERMOSILLO
SONORA,HERMOSILLO
SONORA,HERMOSILLO
SONORA,OBREGON
SONORA,OBREGON
SONORA,HERMOSILLO
SONORA,HERMOSILLO
SONORA,HERMOSILLO
SINALOA,CULIACAN
SONORA,HERMOSILLO
SONORA,HERMOSILLO
SINALOA,MAZATLAN
SINALOA,LOS MOCHIS
SONORA,HERMOSILLO
SONORA,HERMOSILLO
SONORA,HERMOSILLO
SONORA,HERMOSILLO
SONORA,HERMOSILLO
SONORA,HERMOSILLO
SONORA,HERMOSILLO
SONORA,HERMOSILLO
SONORA,HERMOSILLO
SONORA,HERMOSILLO
SONORA,HERMOSILLO
SONORA,HERMOSILLO
SONORA,CANANEA
SONORA,CANANEA
SONORA,OBREGON
SONORA,HERMOSILLO
SONORA,OBREGON
SONORA,HERMOSILLO
SINALOA,CULIACAN
SONORA,HERMOSILLO
SONORA,HERMOSILLO
SINALOA,CULIACAN
SONORA,HERMOSILLO
SINALOA,LOS MOCHIS
SONORA,HERMOSILLO
SONORA,HERMOSILLO
SONORA,HERMOSILLO
SINALOA,MAZATLAN
SONORA,HERMOSILLO
SONORA,OBREGON
SONORA,HERMOSILLO
SINALOA,LOS MOCHIS
SINALOA,LOS MOCHIS
SINALOA,CULIACAN
SONORA,HERMOSILLO
SONORA,OBREGON
SONORA,HERMOSILLO
SONORA,OBREGON
SONORA,OBREGON
SONORA,OBREGON
SONORA,OBREGON
SINALOA,MAZATLAN
SONORA,HERMOSILLO
SONORA,HERMOSILLO
SONORA,OBREGON
COAHUILA,LAGUNA
CHIHUAHUA,CHIHUAHUA
COAHUILA,LAGUNA
CHIHUAHUA,JUAREZ
CHIHUAHUA,CHIHUAHUA
CHIHUAHUA,JUAREZ
COAHUILA,LAGUNA
CHIHUAHUA,CHIHUAHUA
CHIHUAHUA,CHIHUAHUA
CHIHUAHUA,CHIHUAHUA
DURANGO,DURANGO
CHIHUAHUA,CHIHUAHUA
DURANGO,LAGUNA
CHIHUAHUA,MOCTEZUMA
CHIHUAHUA,CHIHUAHUA
CHIHUAHUA,CHIHUAHUA
CHIHUAHUA,CHIHUAHUA
CHIHUAHUA,CHIHUAHUA
CHIHUAHUA,JUAREZ
DURANGO,DURANGO
CHIHUAHUA,CHIHUAHUA
CHIHUAHUA,CHIHUAHUA
COAHUILA,LAGUNA
CHIHUAHUA,CHIHUAHUA
DURANGO,LAGUNA
CHIHUAHUA,MOCTEZUMA
CHIHUAHUA,CHIHUAHUA
CHIHUAHUA,CHIHUAHUA
CHIHUAHUA,MOCTEZUMA
CHIHUAHUA,CHIHUAHUA
CHIHUAHUA,JUAREZ
CHIHUAHUA,CHIHUAHUA
CHIHUAHUA,CHIHUAHUA
CHIHUAHUA,CHIHUAHUA
CHIHUAHUA,CHIHUAHUA
DURANGO,DURANGO
DURANGO,LAGUNA
CHIHUAHUA,JUAREZ
COAHUILA,LAGUNA
COAHUILA,LAGUNA
CHIHUAHUA,CHIHUAHUA
CHIHUAHUA,MOCTEZUMA
CHIHUAHUA,CHIHUAHUA
DURANGO,DURANGO
CHIHUAHUA,CHIHUAHUA
CHIHUAHUA,CHIHUAHUA
ZACATECAS,DURANGO
DURANGO,DURANGO
DURANGO,DURANGO
CHIHUAHUA,CHIHUAHUA
CHIHUAHUA,JUAREZ
COAHUILA,LAGUNA
CHIHUAHUA,JUAREZ
DURANGO,DURANGO
CHIHUAHUA,CHIHUAHUA
DURANGO,DURANGO
CHIHUAHUA,JUAREZ
CHIHUAHUA,JUAREZ
CHIHUAHUA,CHIHUAHUA
CHIHUAHUA,JUAREZ
DURANGO,DURANGO
CHIHUAHUA,CHIHUAHUA
CHIHUAHUA,CHIHUAHUA
CHIHUAHUA,CHIHUAHUA
CHIHUAHUA,CHIHUAHUA
CHIHUAHUA,CHIHUAHUA
DURANGO,LAGUNA
CHIHUAHUA,CHIHUAHUA
CHIHUAHUA,MOCTEZUMA
CHIHUAHUA,JUAREZ
CHIHUAHUA,CHIHUAHUA
CHIHUAHUA,CHIHUAHUA
CHIHUAHUA,JUAREZ
CHIHUAHUA,JUAREZ
COAHUILA,LAGUNA
CHIHUAHUA,CHIHUAHUA
DURANGO,DURANGO
COAHUILA,LAGUNA
DURANGO,DURANGO
DURANGO,LAGUNA
CHIHUAHUA,CHIHUAHUA
CHIHUAHUA,CHIHUAHUA
CHIHUAHUA,JUAREZ
COAHUILA,LAGUNA
CHIHUAHUA,JUAREZ
CHIHUAHUA,CHIHUAHUA
COAHUILA,LAGUNA
DURANGO,LAGUNA
DURANGO,LAGUNA
CHIHUAHUA,CHIHUAHUA
CHIHUAHUA,CHIHUAHUA
CHIHUAHUA,CHIHUAHUA
DURANGO,DURANGO
CHIHUAHUA,CHIHUAHUA
COAHUILA,LAGUNA
CHIHUAHUA,JUAREZ
CHIHUAHUA,CHIHUAHUA
CHIHUAHUA,CHIHUAHUA
DURANGO,LAGUNA
CHIHUAHUA,CHIHUAHUA
CHIHUAHUA,JUAREZ
CHIHUAHUA,CHIHUAHUA
CHIHUAHUA,CHIHUAHUA
CHIHUAHUA,JUAREZ
DURANGO,LAGUNA
CHIHUAHUA,MOCTEZUMA
CHIHUAHUA,CHIHUAHUA
DURANGO,DURANGO
CHIHUAHUA,JUAREZ
CHIHUAHUA,JUAREZ
CHIHUAHUA,CHIHUAHUA
CHIHUAHUA,MOCTEZUMA
DURANGO,LAGUNA
DURANGO,LAGUNA
CHIHUAHUA,CHIHUAHUA
DURANGO,CHIHUAHUA
DURANGO,DURANGO
COAHUILA,CHIHUAHUA
CHIHUAHUA,CHIHUAHUA
CHIHUAHUA,CHIHUAHUA
CHIHUAHUA,JUAREZ
CHIHUAHUA,JUAREZ
CHIHUAHUA,JUAREZ
CHIHUAHUA,JUAREZ
DURANGO,DURANGO
CHIHUAHUA,CHIHUAHUA
CHIHUAHUA,CHIHUAHUA
CHIHUAHUA,CHIHUAHUA
CHIHUAHUA,CHIHUAHUA
DURANGO,LAGUNA
CHIHUAHUA,CHIHUAHUA
COAHUILA,LAGUNA
CHIHUAHUA,MOCTEZUMA
CHIHUAHUA,CHIHUAHUA
DURANGO,DURANGO
CHIHUAHUA,JUAREZ
DURANGO,LAGUNA
CHIHUAHUA,MOCTEZUMA
CHIHUAHUA,CHIHUAHUA
DURANGO,LAGUNA
CHIHUAHUA,CHIHUAHUA
CHIHUAHUA,CHIHUAHUA
CHIHUAHUA,JUAREZ
DURANGO,LAGUNA
DURANGO,LAGUNA
DURANGO,LAGUNA
COAHUILA,LAGUNA
DURANGO,DURANGO
CHIHUAHUA,CHIHUAHUA
COAHUILA,LAGUNA
COAHUILA,LAGUNA
CHIHUAHUA,MOCTEZUMA
COAHUILA,LAGUNA
CHIHUAHUA,JUAREZ
DURANGO,DURANGO
CHIHUAHUA,JUAREZ
CHIHUAHUA,CHIHUAHUA
DURANGO,DURANGO
COAHUILA,LAGUNA
DURANGO,LAGUNA
COAHUILA,LAGUNA
CHIHUAHUA,CHIHUAHUA
CHIHUAHUA,CHIHUAHUA
CHIHUAHUA,MOCTEZUMA
CHIHUAHUA,CHIHUAHUA
ZACATECAS,DURANGO
CHIHUAHUA,JUAREZ
CHIHUAHUA,CHIHUAHUA
DURANGO,LAGUNA
COAHUILA,LAGUNA
CHIHUAHUA,CHIHUAHUA
DURANGO,LAGUNA
ZACATECAS,DURANGO
DURANGO,DURANGO
CHIHUAHUA,CHIHUAHUA
CHIHUAHUA,MOCTEZUMA
COAHUILA,LAGUNA
CHIHUAHUA,CHIHUAHUA
CHIHUAHUA,CHIHUAHUA
CHIHUAHUA,CHIHUAHUA
CHIHUAHUA,CHIHUAHUA
DURANGO,DURANGO
CHIHUAHUA,CHIHUAHUA
CHIHUAHUA,CHIHUAHUA
CHIHUAHUA,CHIHUAHUA
CHIHUAHUA,JUAREZ
CHIHUAHUA,CHIHUAHUA
CHIHUAHUA,CHIHUAHUA
CHIHUAHUA,JUAREZ
CHIHUAHUA,CHIHUAHUA
DURANGO,LAGUNA
COAHUILA,LAGUNA
DURANGO,LAGUNA
COAHUILA,LAGUNA
CHIHUAHUA,CHIHUAHUA
CHIHUAHUA,MOCTEZUMA
DURANGO,LAGUNA
CHIHUAHUA,CHIHUAHUA
CHIHUAHUA,JUAREZ
COAHUILA,LAGUNA
CHIHUAHUA,JUAREZ
COAHUILA,LAGUNA
CHIHUAHUA,CHIHUAHUA
DURANGO,DURANGO
CHIHUAHUA,CHIHUAHUA
DURANGO,LAGUNA
CHIHUAHUA,CHIHUAHUA
DURANGO,LAGUNA
CHIHUAHUA,CHIHUAHUA
CHIHUAHUA,JUAREZ
CHIHUAHUA,JUAREZ
ZACATECAS,DURANGO
CHIHUAHUA,CHIHUAHUA
CHIHUAHUA,CHIHUAHUA
CHIHUAHUA,MOCTEZUMA
DURANGO,LAGUNA
CHIHUAHUA,CHIHUAHUA
CHIHUAHUA,CHIHUAHUA
DURANGO,DURANGO
CHIHUAHUA,CHIHUAHUA
CHIHUAHUA,JUAREZ
CHIHUAHUA,JUAREZ
CHIHUAHUA,JUAREZ
DURANGO,CHIHUAHUA
ZACATECAS,DURANGO
COAHUILA,LAGUNA
CHIHUAHUA,MOCTEZUMA
CHIHUAHUA,JUAREZ
CHIHUAHUA,JUAREZ
CHIHUAHUA,JUAREZ
COAHUILA,LAGUNA
CHIHUAHUA,CHIHUAHUA
CHIHUAHUA,JUAREZ
CHIHUAHUA,CHIHUAHUA
COAHUILA,LAGUNA
CHIHUAHUA,JUAREZ
COAHUILA,LAGUNA
COAHUILA,LAGUNA
COAHUILA,LAGUNA
CHIHUAHUA,MOCTEZUMA
CHIHUAHUA,MOCTEZUMA
DURANGO,DURANGO
CHIHUAHUA,CHIHUAHUA
CHIHUAHUA,JUAREZ
CHIHUAHUA,MOCTEZUMA
CHIHUAHUA,CHIHUAHUA
CHIHUAHUA,JUAREZ
CHIHUAHUA,CHIHUAHUA
DURANGO,LAGUNA
CHIHUAHUA,JUAREZ
TAMAULIPAS,HUASTECA
TAMAULIPAS,VALLES
COAHUILA,RIO ESCONDIDO
NUEVO LEON,MONTERREY
TAMAULIPAS,NUEVO LAREDO
COAHUILA,MONTERREY
TAMAULIPAS,REYNOSA
COAHUILA,SALTILLO
COAHUILA,MONTERREY
COAHUILA,SALTILLO
NUEVO LEON,MONTERREY
COAHUILA,SALTILLO
TAMAULIPAS,HUASTECA
TAMAULIPAS,HUASTECA
NUEVO LEON,MONTERREY
COAHUILA,RIO ESCONDIDO
SAN LUIS POTOSI,VALLES
TAMAULIPAS,REYNOSA
COAHUILA,SALTILLO
NUEVO LEON,MONTERREY
HIDALGO,HUASTECA
NUEVO LEON,MONTERREY
TAMAULIPAS,REYNOSA
TAMAULIPAS,REYNOSA
COAHUILA,RIO ESCONDIDO
NUEVO LEON,MONTERREY
TAMAULIPAS,REYNOSA
TAMAULIPAS,HUASTECA
TAMAULIPAS,REYNOSA
NUEVO LEON,MONTERREY
TAMAULIPAS,GUEMEZ
TAMAULIPAS,GUEMEZ
NUEVO LEON,MONTERREY
NUEVO LEON,MONTERREY
COAHUILA,SALTILLO
TAMAULIPAS,REYNOSA
COAHUILA,SALTILLO
NUEVO LEON,MONTERREY
COAHUILA,RIO ESCONDIDO
NUEVO LEON,MONTERREY
NUEVO LEON,MONTERREY
NUEVO LEON,MONTERREY
COAHUILA,SALTILLO
NUEVO LEON,MONTERREY
NUEVO LEON,MONTERREY
TAMAULIPAS,MATAMOROS
NUEVO LEON,MONTERREY
NUEVO LEON,MONTERREY
TAMAULIPAS,HUASTECA
COAHUILA,SALTILLO
TAMAULIPAS,NUEVO LAREDO
TAMAULIPAS,MATAMOROS
NUEVO LEON,MONTERREY
NUEVO LEON,MONTERREY
NUEVO LEON,MONTERREY
TAMAULIPAS,NUEVO LAREDO
COAHUILA,RIO ESCONDIDO
TAMAULIPAS,REYNOSA
COAHUILA,SALTILLO
NUEVO LEON,MONTERREY
TAMAULIPAS,REYNOSA
NUEVO LEON,MONTERREY
NUEVO LEON,MONTERREY
TAMAULIPAS,HUASTECA
No Aplica,No Aplica
SAN LUIS POTOSI,HUASTECA
NUEVO LEON,MONTERREY
NUEVO LEON,MONTERREY
NUEVO LEON,MONTERREY
NUEVO LEON,MONTERREY
NUEVO LEON,MONTERREY
NUEVO LEON,MONTERREY
TAMAULIPAS,HUASTECA
NUEVO LEON,MONTERREY
TAMAULIPAS,NUEVO LAREDO
NUEVO LEON,MONTERREY
NUEVO LEON,MONTERREY
COAHUILA,MONTERREY
TAMAULIPAS,HUASTECA
COAHUILA,MONTERREY
COAHUILA,RIO ESCONDIDO
NUEVO LEON,MONTERREY
NUEVO LEON,MONTERREY
NUEVO LEON,MONTERREY
NUEVO LEON,MONTERREY
COAHUILA,SALTILLO
TAMAULIPAS,HUASTECA
COAHUILA,MONTERREY
NUEVO LEON,MONTERREY
TAMAULIPAS,GUEMEZ
NUEVO LEON,MONTERREY
NUEVO LEON,MONTERREY
NUEVO LEON,MONTERREY
NUEVO LEON,MONTERREY
TAMAULIPAS,HUASTECA
TAMAULIPAS,HUASTECA
TAMAULIPAS,REYNOSA
TAMAULIPAS,MATAMOROS
TAMAULIPAS,MATAMOROS
NUEVO LEON,MONTERREY
NUEVO LEON,MONTERREY
NUEVO LEON,MONTERREY
NUEVO LEON,MONTERREY
NUEVO LEON,MONTERREY
TAMAULIPAS,REYNOSA
TAMAULIPAS,REYNOSA
NUEVO LEON,MONTERREY
TAMAULIPAS,HUASTECA
NUEVO LEON,MONTERREY
NUEVO LEON,MONTERREY
NUEVO LEON,MONTERREY
NUEVO LEON,MONTERREY
No Aplica,No Aplica
NUEVO LEON,MONTERREY
NUEVO LEON,MONTERREY
TAMAULIPAS,NUEVO LAREDO
TAMAULIPAS,HUASTECA
TAMAULIPAS,MONTERREY
NUEVO LEON,MONTERREY
TAMAULIPAS,HUASTECA
VERACRUZ,HUASTECA
NUEVO LEON,MONTERREY
NUEVO LEON,MONTERREY
COAHUILA,MONTERREY
NUEVO LEON,MONTERREY
NUEVO LEON,MONTERREY
NUEVO LEON,MONTERREY
TAMAULIPAS,MATAMOROS
TAMAULIPAS,MATAMOROS
COAHUILA,SALTILLO
TAMAULIPAS,HUASTECA
NUEVO LEON,MONTERREY
NUEVO LEON,MONTERREY
COAHUILA,RIO ESCONDIDO
NUEVO LEON,MONTERREY
COAHUILA,SALTILLO
NUEVO LEON,MONTERREY
SAN LUIS POTOSI,TAMAZUNCHALE
SAN LUIS POTOSI,VALLES
VERACRUZ,HUASTECA
COAHUILA,RIO ESCONDIDO
TAMAULIPAS,REYNOSA
NUEVO LEON,MONTERREY
NUEVO LEON,MONTERREY
TAMAULIPAS,NUEVO LAREDO
NUEVO LEON,MONTERREY
COAHUILA,MONTERREY
COAHUILA,MONTERREY
NUEVO LEON,MONTERREY
COAHUILA,SALTILLO
NUEVO LEON,MONTERREY
COAHUILA,SALTILLO
NUEVO LEON,MONTERREY
SAN LUIS POTOSI,VALLES
NUEVO LEON,MONTERREY
TAMAULIPAS,MATAMOROS
NUEVO LEON,MONTERREY
NUEVO LEON,MONTERREY
NUEVO LEON,MONTERREY
TAMAULIPAS,HUASTECA
NUEVO LEON,MONTERREY
NUEVO LEON,MONTERREY
NUEVO LEON,MONTERREY
COAHUILA,RIO ESCONDIDO
NUEVO LEON,MONTERREY
NUEVO LEON,MONTERREY
NUEVO LEON,MONTERREY
TAMAULIPAS,REYNOSA
VERACRUZ,HUASTECA
TAMAULIPAS,GUEMEZ
NUEVO LEON,MONTERREY
TAMAULIPAS,NUEVO LAREDO
COAHUILA,RIO ESCONDIDO
COAHUILA,RIO ESCONDIDO
COAHUILA,MONTERREY
TAMAULIPAS,NUEVO LAREDO
NUEVO LEON,MONTERREY
TAMAULIPAS,REYNOSA
TAMAULIPAS,MATAMOROS
TAMAULIPAS,GUEMEZ
COAHUILA,SALTILLO
VERACRUZ,HUASTECA
TAMAULIPAS,HUASTECA
TAMAULIPAS,REYNOSA
VERACRUZ,HUASTECA
NUEVO LEON,MONTERREY
NUEVO LEON,MONTERREY
NUEVO LEON,MONTERREY
TAMAULIPAS,HUASTECA
TAMAULIPAS,HUASTECA
NUEVO LEON,MONTERREY
TAMAULIPAS,REYNOSA
COAHUILA,SALTILLO
TAMAULIPAS,REYNOSA
NUEVO LEON,MONTERREY
NUEVO LEON,MONTERREY
TAMAULIPAS,NUEVO LAREDO
COAHUILA,RIO ESCONDIDO
TAMAULIPAS,HUASTECA
NUEVO LEON,MONTERREY
NUEVO LEON,ORIENTE
COAHUILA,RIO ESCONDIDO
TAMAULIPAS,REYNOSA
TAMAULIPAS,HUASTECA
NUEVO LEON,MONTERREY
NUEVO LEON,MONTERREY
NUEVO LEON,MONTERREY
COAHUILA,SALTILLO
NUEVO LEON,MONTERREY
COAHUILA,RIO ESCONDIDO
TAMAULIPAS,HUASTECA
NUEVO LEON,MONTERREY
COAHUILA,SALTILLO
COAHUILA,SALTILLO
TAMAULIPAS,REYNOSA
NUEVO LEON,MONTERREY
COAHUILA,RIO ESCONDIDO
COAHUILA,RIO ESCONDIDO
TAMAULIPAS,REYNOSA
TAMAULIPAS,REYNOSA
TAMAULIPAS,REYNOSA
NUEVO LEON,MONTERREY
NUEVO LEON,MONTERREY
TAMAULIPAS,HUASTECA
NUEVO LEON,MONTERREY
COAHUILA,SALTILLO
No Aplica,No Aplica
TAMAULIPAS,REYNOSA
NUEVO LEON,MONTERREY
COAHUILA,SALTILLO
TAMAULIPAS,MATAMOROS
NUEVO LEON,MONTERREY
NUEVO LEON,MONTERREY
NUEVO LEON,MONTERREY
SAN LUIS POTOSI,VALLES
NUEVO LEON,MONTERREY
TAMAULIPAS,HUASTECA
TAMAULIPAS,HUASTECA
TAMAULIPAS,MATAMOROS
NUEVO LEON,MONTERREY
TAMAULIPAS,HUASTECA
SAN LUIS POTOSI,HUASTECA
SAN LUIS POTOSI,HUASTECA
NUEVO LEON,MONTERREY
NUEVO LEON,MONTERREY
NUEVO LEON,MONTERREY
NUEVO LEON,MONTERREY
COAHUILA,MONTERREY
VERACRUZ,HUASTECA
TAMAULIPAS,GUEMEZ
TAMAULIPAS,GUEMEZ
TAMAULIPAS,HUASTECA
NUEVO LEON,MONTERREY
NUEVO LEON,MONTERREY
TAMAULIPAS,HUASTECA
NUEVO LEON,MONTERREY
NUEVO LEON,MONTERREY
TAMAULIPAS,HUASTECA
SAN LUIS POTOSI,VALLES
NUEVO LEON,MONTERREY
NUEVO LEON,MONTERREY
NUEVO LEON,MONTERREY
SAN LUIS POTOSI,VALLES
TAMAULIPAS,MATAMOROS
NUEVO LEON,MONTERREY
NUEVO LEON,REYNOSA
TAMAULIPAS,REYNOSA
NUEVO LEON,MONTERREY
NUEVO LEON,MONTERREY
TAMAULIPAS,GUEMEZ
NUEVO LEON,MONTERREY
NUEVO LEON,MONTERREY
COAHUILA,MONTERREY
COAHUILA,SALTILLO
BAJA CALIFORNIA,ENSENADA
BAJA CALIFORNIA,MEXICALI
BAJA CALIFORNIA SUR,LOS CABOS
BAJA CALIFORNIA,TIJUANA
BAJA CALIFORNIA SUR,LA PAZ
BAJA CALIFORNIA SUR,LOS CABOS
BAJA CALIFORNIA SUR,LOS CABOS
BAJA CALIFORNIA,TIJUANA
BAJA CALIFORNIA SUR,LOS CABOS
BAJA CALIFORNIA SUR,LA PAZ
BAJA CALIFORNIA SUR,LOS CABOS
BAJA CALIFORNIA,TIJUANA
SONORA,SAN LUIS RIO COLORADO
BAJA CALIFORNIA,ENSENADA
BAJA CALIFORNIA,ENSENADA
BAJA CALIFORNIA,TIJUANA
BAJA CALIFORNIA,MEXICALI
BAJA CALIFORNIA,MEXICALI
BAJA CALIFORNIA,ENSENADA
BAJA CALIFORNIA SUR,LA PAZ
BAJA CALIFORNIA,MEXICALI
BAJA CALIFORNIA,MEXICALI
BAJA CALIFORNIA,MEXICALI
BAJA CALIFORNIA,MEXICALI
BAJA CALIFORNIA SUR,LOS CABOS
BAJA CALIFORNIA,MEXICALI
BAJA CALIFORNIA,MEXICALI
BAJA CALIFORNIA,MEXICALI
BAJA CALIFORNIA,MEXICALI
BAJA CALIFORNIA SUR,LOS CABOS
BAJA CALIFORNIA SUR,VILLA CONSTITUCION
BAJA CALIFORNIA,TIJUANA
BAJA CALIFORNIA,ENSENADA
BAJA CALIFORNIA SUR,LOS CABOS
BAJA CALIFORNIA,TIJUANA
BAJA CALIFORNIA,ENSENADA
BAJA CALIFORNIA,ENSENADA
BAJA CALIFORNIA SUR,LA PAZ
BAJA CALIFORNIA,TIJUANA
BAJA CALIFORNIA,MEXICALI
BAJA CALIFORNIA,TIJUANA
BAJA CALIFORNIA,ENSENADA
BAJA CALIFORNIA,TIJUANA
BAJA CALIFORNIA,TIJUANA
BAJA CALIFORNIA SUR,VILLA CONSTITUCION
BAJA CALIFORNIA,TIJUANA
BAJA CALIFORNIA,ENSENADA
BAJA CALIFORNIA,MEXICALI
SONORA,SAN LUIS RIO COLORADO
BAJA CALIFORNIA,TIJUANA
BAJA CALIFORNIA,TIJUANA
BAJA CALIFORNIA,TIJUANA
BAJA CALIFORNIA SUR,VILLA CONSTITUCION
BAJA CALIFORNIA,TIJUANA
No Aplica,No Aplica
BAJA CALIFORNIA,ENSENADA
BAJA CALIFORNIA,ENSENADA
BAJA CALIFORNIA,TIJUANA
BAJA CALIFORNIA,MEXICALI
BAJA CALIFORNIA SUR,LA PAZ
BAJA CALIFORNIA,TIJUANA
BAJA CALIFORNIA,TIJUANA
BAJA CALIFORNIA,ENSENADA
BAJA CALIFORNIA SUR,LA PAZ
BAJA CALIFORNIA SUR,VILLA CONSTITUCION
BAJA CALIFORNIA,TIJUANA
BAJA CALIFORNIA,TIJUANA
BAJA CALIFORNIA,TIJUANA
BAJA CALIFORNIA,ENSENADA
BAJA CALIFORNIA,MEXICALI
BAJA CALIFORNIA,ENSENADA
BAJA CALIFORNIA,TIJUANA
BAJA CALIFORNIA,MEXICALI
BAJA CALIFORNIA,MEXICALI
BAJA CALIFORNIA,TIJUANA
BAJA CALIFORNIA,MEXICALI
BAJA CALIFORNIA SUR,LA PAZ
No Aplica,No Aplica
BAJA CALIFORNIA,ENSENADA
BAJA CALIFORNIA,MEXICALI
BAJA CALIFORNIA SUR,LA PAZ
BAJA CALIFORNIA,TIJUANA
BAJA CALIFORNIA,TIJUANA
BAJA CALIFORNIA SUR,VILLA CONSTITUCION
SONORA,SAN LUIS RIO COLORADO
SONORA,SAN LUIS RIO COLORADO
BAJA CALIFORNIA,TIJUANA
BAJA CALIFORNIA,TIJUANA
BAJA CALIFORNIA,MEXICALI
BAJA CALIFORNIA SUR,LOS CABOS
BAJA CALIFORNIA,TIJUANA
BAJA CALIFORNIA,TIJUANA
BAJA CALIFORNIA,TIJUANA
BAJA CALIFORNIA SUR,LA PAZ
BAJA CALIFORNIA SUR,LA PAZ
BAJA CALIFORNIA SUR,LA PAZ
BAJA CALIFORNIA,TIJUANA
BAJA CALIFORNIA,MEXICALI
BAJA CALIFORNIA,MEXICALI
BAJA CALIFORNIA,TIJUANA
BAJA CALIFORNIA,TIJUANA
BAJA CALIFORNIA,MEXICALI
BAJA CALIFORNIA,MEXICALI
BAJA CALIFORNIA,MEXICALI
BAJA CALIFORNIA,ENSENADA
BAJA CALIFORNIA,TIJUANA
BAJA CALIFORNIA,TIJUANA
BAJA CALIFORNIA,TIJUANA
BAJA CALIFORNIA,MEXICALI
BAJA CALIFORNIA SUR,LOS CABOS
BAJA CALIFORNIA,ENSENADA
BAJA CALIFORNIA SUR,LOS CABOS
BAJA CALIFORNIA,ENSENADA
SONORA,SAN LUIS RIO COLORADO
BAJA CALIFORNIA,MEXICALI
BAJA CALIFORNIA,ENSENADA
BAJA CALIFORNIA SUR,LOS CABOS
BAJA CALIFORNIA,TIJUANA
BAJA CALIFORNIA,TIJUANA
BAJA CALIFORNIA,TIJUANA
BAJA CALIFORNIA,MEXICALI
BAJA CALIFORNIA,TIJUANA
BAJA CALIFORNIA,TIJUANA
BAJA CALIFORNIA,TIJUANA
BAJA CALIFORNIA,ENSENADA
BAJA CALIFORNIA,TIJUANA
BAJA CALIFORNIA,TIJUANA
BAJA CALIFORNIA,TIJUANA
BAJA CALIFORNIA SUR,VILLA CONSTITUCION
BAJA CALIFORNIA,ENSENADA
BAJA CALIFORNIA,MEXICALI
BAJA CALIFORNIA,TIJUANA
BAJA CALIFORNIA,MEXICALI
BAJA CALIFORNIA,MEXICALI
QUINTANA ROO,CANCUN
CAMPECHE,LERMA
YUCATAN,MERIDA
QUINTANA ROO,CANCUN
QUINTANA ROO,CANCUN
No Aplica,No Aplica
QUINTANA ROO,CANCUN
QUINTANA ROO,CANCUN
YUCATAN,MERIDA
CAMPECHE,LERMA
YUCATAN,MERIDA
QUINTANA ROO,CANCUN
YUCATAN,MERIDA
QUINTANA ROO,COZUMEL
QUINTANA ROO,COZUMEL
CAMPECHE,LERMA
QUINTANA ROO,CANCUN
CAMPECHE,LERMA
YUCATAN,MERIDA
QUINTANA ROO,CANCUN
YUCATAN,MERIDA
CAMPECHE,LERMA
QUINTANA ROO,COZUMEL
CAMPECHE,LERMA
QUINTANA ROO,CHETUMAL
CAMPECHE,LERMA
YUCATAN,MERIDA
CAMPECHE,LERMA
QUINTANA ROO,CANCUN
QUINTANA ROO,CANCUN
CAMPECHE,LERMA
YUCATAN,MERIDA
YUCATAN,MERIDA
CAMPECHE,LERMA
YUCATAN,MERIDA
QUINTANA ROO,CANCUN
YUCATAN,MERIDA
QUINTANA ROO,CHETUMAL
YUCATAN,MERIDA
YUCATAN,MERIDA
YUCATAN,MERIDA
QUINTANA ROO,CANCUN
CAMPECHE,LERMA
YUCATAN,MERIDA
YUCATAN,MERIDA
QUINTANA ROO,CANCUN
QUINTANA ROO,CHETUMAL
YUCATAN,MERIDA
CAMPECHE,LERMA
CAMPECHE,LERMA
YUCATAN,MERIDA
YUCATAN,MERIDA
YUCATAN,MERIDA
YUCATAN,MERIDA
QUINTANA ROO,CHETUMAL
QUINTANA ROO,CANCUN
YUCATAN,MERIDA
QUINTANA ROO,CANCUN
YUCATAN,MERIDA
QUINTANA ROO,CANCUN
QUINTANA ROO,CANCUN
QUINTANA ROO,CANCUN
YUCATAN,MERIDA
QUINTANA ROO,CANCUN
QUINTANA ROO,CANCUN
QUINTANA ROO,CANCUN
QUINTANA ROO,CANCUN
QUINTANA ROO,CANCUN
CAMPECHE,LERMA
QUINTANA ROO,CANCUN
YUCATAN,MERIDA
YUCATAN,MERIDA
QUINTANA ROO,CANCUN
YUCATAN,MERIDA
QUINTANA ROO,CHETUMAL
CAMPECHE,LERMA
YUCATAN,MERIDA
CAMPECHE,LERMA
CAMPECHE,LERMA
YUCATAN,MERIDA
CAMPECHE,LERMA
CAMPECHE,LERMA
YUCATAN,MERIDA
YUCATAN,MERIDA
YUCATAN,MERIDA
YUCATAN,MERIDA
QUINTANA ROO,CANCUN
YUCATAN,MERIDA
YUCATAN,MERIDA
YUCATAN,MERIDA
YUCATAN,MERIDA
YUCATAN,MERIDA
YUCATAN,MERIDA
YUCATAN,MERIDA
QUINTANA ROO,CANCUN
CAMPECHE,LERMA
QUINTANA ROO,CHETUMAL
QUINTANA ROO,CANCUN
QUINTANA ROO,CANCUN
No Aplica,No Aplica
BAJA CALIFORNIA SUR,MULEGE
